<project xmlns="http://maven.apache.org/POM/4.0.0" xmlns:xsi="http://www.w3.org/2001/XMLSchema-instance"
         xsi:schemaLocation="http://maven.apache.org/POM/4.0.0 http://maven.apache.org/maven-v4_0_0.xsd">

  <modelVersion>4.0.0</modelVersion>

  <parent>
    <groupId>com.lesformateurs.maven-project</groupId>
    <artifactId>devopsapp</artifactId>
    <version>1.0-SNAPSHOT</version>
    <relativePath>../pom.xml</relativePath>
  </parent>

  <artifactId>server</artifactId>
  <packaging>jar</packaging>
  <name>Server DevOps App</name>
  <description>Serveur pour application DevOps App.</description>

  <build>
    <finalName>${project.artifactId}</finalName>
  </build>

  <dependencies>
    <dependency>
      <groupId>junit</groupId>
      <artifactId>junit-dep</artifactId>
      <scope>test</scope>
    </dependency>

    <dependency>
      <groupId>org.hamcrest</groupId>
      <artifactId>hamcrest-core</artifactId>
      <scope>test</scope>
    </dependency>

    <dependency>
      <groupId>org.hamcrest</groupId>
      <artifactId>hamcrest-library</artifactId>
      <scope>test</scope>
    </dependency>

    <dependency>
      <groupId>org.mockito</groupId>
      <artifactId>mockito-core</artifactId>
      <scope>test</scope>
    </dependency>
  </dependencies>

