<project xmlns="http://maven.apache.org/POM/4.0.0" xmlns:xsi="http://www.w3.org/2001/XMLSchema-instance"
         xsi:schemaLocation="http://maven.apache.org/POM/4.0.0 http://maven.apache.org/maven-v4_0_0.xsd">

  <modelVersion>4.0.0</modelVersion>

  <parent>
    <groupId>com.lesformateurs.maven-project</groupId>
    <artifactId>devopsapp</artifactId>
    <version>1.0-SNAPSHOT</version>
    <relativePath>../pom.xml</relativePath>

  <artifactId>webapp</artifactId>
  <packaging>war</packaging>
  <name>Webapp DevOps App</name>
  <description>Partie Web pour application DevOps App</description>

  <build>
    <finalName>${project.artifactId}</finalName>

    <plugins>
      <plugin>
        <groupId>org.mortbay.jetty</groupId>
        <artifactId>jetty-maven-plugin</artifactId>
      </plugin>
    </plugins>
  </build>

  <dependencies>

    <dependency>
      <groupId>javax.servlet</groupId>
      <artifactId>servlet-api</artifactId>
      <scope>provided</scope>
    </dependency>

    <dependency>
      <groupId>javax.servlet.jsp</groupId>
      <artifactId>jsp-api</artifactId>
      <scope>provided</scope>
    </dependency>
  </dependencis>

</project>
